Tab,Subreddit,Subscribers,Submissions,Health,Posts/Subs,% Mod
"characters","ImaginaryArchers",2075,18,"healthy",0.009,1.0
"characters","ImaginaryAssassins",2367,21,"healthy",0.009,1.0
"characters","ImaginaryAstronauts",3138,31,"healthy",0.01,1.0
"characters","ImaginaryClerics",1642,10,"unhealthy",0.006,1.0
"characters","ImaginaryCowboys",999,12,"unhealthy",0.012,1.0
"characters","ImaginaryFashion",403,25,"healthy",0.062,0.92
"characters","ImaginaryKnights",2766,35,"healthy",0.013,0.971
"characters","ImaginaryLovers",1010,46,"healthy",0.046,1.0
"characters","ImaginaryNatives",1111,20,"healthy",0.018,1.0
"characters","ImaginaryNinjas",1418,9,"unhealthy",0.006,0.889
"characters","ImaginaryNobles",1582,21,"healthy",0.013,0.952
"characters","ImaginaryPirates",1733,15,"unhealthy",0.009,1.0
"characters","ImaginarySoldiers",2974,24,"healthy",0.008,0.875
"characters","ImaginaryVikings",1977,12,"unhealthy",0.006,1.0
"characters","ImaginaryWarriors",3502,73,"healthy",0.021,0.945
"characters","ImaginaryWitches",7678,75,"healthy",0.01,0.8
"characters","ImaginaryWizards",2682,31,"healthy",0.012,0.806
"races","ImaginaryAliens",2035,29,"healthy",0.014,0.931
"races","ImaginaryAngels",2675,43,"healthy",0.016,0.977
"races","ImaginaryCentaurs",977,12,"unhealthy",0.012,0.833
"races","ImaginaryDwarves",2006,16,"healthy",0.008,1.0
"races","ImaginaryElves",2025,37,"healthy",0.018,0.811
"races","ImaginaryFaeries",1595,43,"healthy",0.027,1.0
"races","ImaginaryGiants",2751,18,"healthy",0.007,1.0
"races","ImaginaryGnomes",527,7,"unhealthy",0.013,1.0
"races","ImaginaryGoblins",931,4,"critical",0.004,1.0
"races","ImaginaryHumans",1387,26,"healthy",0.019,0.885
"races","ImaginaryImmortals",2559,38,"healthy",0.015,1.0
"races","ImaginaryMerfolk",1508,38,"healthy",0.025,0.974
"races","ImaginaryOrcs",1126,19,"healthy",0.017,0.895
"races","ImaginaryTrolls",877,16,"healthy",0.018,0.938
"landscapes","ImaginaryAutumnscapes",1276,11,"unhealthy",0.009,1.0
"landscapes","ImaginaryBattlefields",16917,29,"healthy",0.002,0.793
"landscapes","ImaginaryCityscapes",28528,60,"healthy",0.002,0.65
"landscapes","ImaginaryMindscapes",35247,100,"healthy",0.003,0.42
"landscapes","ImaginarySeascapes",3406,22,"healthy",0.006,1.0
"landscapes","ImaginarySkyscapes",2490,13,"unhealthy",0.005,1.0
"landscapes","ImaginaryStarscapes",16782,31,"healthy",0.002,0.806
"landscapes","ImaginaryVillages",3249,11,"unhealthy",0.003,0.818
"landscapes","ImaginaryWastelands",14731,34,"healthy",0.002,0.765
"landscapes","ImaginaryWildlands",12873,19,"healthy",0.001,0.842
"landscapes","ImaginaryWinterscapes",3500,17,"healthy",0.005,0.882
"landscapes","ImaginaryWorlds",3695,33,"healthy",0.009,1.0
"nature","ImaginaryCanyons",874,11,"unhealthy",0.013,1.0
"nature","ImaginaryCaves",1160,14,"unhealthy",0.012,1.0
"nature","ImaginaryDeserts",1027,10,"unhealthy",0.01,1.0
"nature","ImaginaryForests",1792,32,"healthy",0.018,0.906
"nature","ImaginaryGlaciers",984,11,"unhealthy",0.011,1.0
"nature","ImaginaryIslands",1516,9,"unhealthy",0.006,1.0
"nature","ImaginaryLakes",827,11,"unhealthy",0.013,1.0
"nature","ImaginaryMountains",1327,20,"healthy",0.015,1.0
"nature","ImaginaryRivers",940,13,"unhealthy",0.014,1.0
"nature","ImaginaryTrees",1586,22,"healthy",0.014,0.864
"nature","ImaginaryVolcanoes",819,8,"unhealthy",0.01,0.75
"nature","ImaginaryWaterfalls",1222,16,"healthy",0.013,1.0
"nature","ImaginaryWeather",1340,27,"healthy",0.02,1.0
"architecture","ImaginaryArchitecture",5332,18,"healthy",0.003,0.778
"architecture","ImaginaryAsylums",1114,6,"unhealthy",0.005,1.0
"architecture","ImaginaryCastles",4197,19,"healthy",0.005,0.947
"architecture","ImaginaryFactories",1229,7,"unhealthy",0.006,1.0
"architecture","ImaginaryInteriors",8264,29,"healthy",0.004,0.931
"architecture","ImaginaryMonuments",2251,14,"unhealthy",0.006,1.0
"architecture","ImaginaryPrisons",847,7,"unhealthy",0.008,1.0
"architecture","ImaginaryRuins",2952,23,"healthy",0.008,0.826
"architecture","ImaginaryTaverns",2186,28,"healthy",0.013,0.929
"architecture","ImaginaryTemples",1915,17,"healthy",0.009,1.0
"architecture","ImaginaryTowers",1532,15,"unhealthy",0.01,1.0
"architecture","ImaginaryWalls",1003,8,"unhealthy",0.008,1.0
"monsters","ImaginaryBeasts",3831,46,"healthy",0.012,0.957
"monsters","ImaginaryBehemoths",9421,27,"healthy",0.003,0.815
"monsters","ImaginaryDemons",3260,28,"healthy",0.009,1.0
"monsters","ImaginaryDinosaurs",2549,61,"healthy",0.024,0.984
"monsters","ImaginaryDragons",5316,96,"healthy",0.018,0.854
"monsters","ImaginaryElementals",2021,33,"healthy",0.016,0.97
"monsters","ImaginaryHorrors",14576,68,"healthy",0.005,0.824
"monsters","ImaginaryLeviathans",24377,48,"healthy",0.002,0.792
"monsters","ImaginarySpirits",1600,23,"healthy",0.014,1.0
"monsters","ImaginaryUndead",1891,30,"healthy",0.016,1.0
"monsters","ImaginaryVampires",1524,18,"healthy",0.012,0.833
"monsters","ImaginaryWerewolves",1239,11,"unhealthy",0.009,1.0
"monsters","ImaginaryWorldEaters",2617,7,"unhealthy",0.003,0.714
"technology","ImaginaryAdrenaline",966,6,"unhealthy",0.006,1.0
"technology","ImaginaryAetherpunk",2083,10,"unhealthy",0.005,0.9
"technology","ImaginaryAirships",1780,27,"healthy",0.015,0.889
"technology","ImaginaryArmor",5044,15,"unhealthy",0.003,0.933
"technology","ImaginaryArtifacts",1825,14,"unhealthy",0.008,1.0
"technology","ImaginaryBlueprints",1565,6,"unhealthy",0.004,1.0
"technology","ImaginaryBooks",1265,14,"unhealthy",0.011,1.0
"technology","ImaginaryCybernetics",1843,32,"healthy",0.017,0.969
"technology","ImaginaryCyberpunk",6215,44,"healthy",0.007,0.682
"technology","ImaginaryDerelicts",1935,20,"healthy",0.01,0.95
"technology","ImaginaryDieselpunk",1706,8,"unhealthy",0.005,1.0
"technology","ImaginaryFood",749,29,"healthy",0.039,1.0
"technology","ImaginaryFutureWar",6293,29,"healthy",0.005,0.862
"technology","ImaginaryHistory",6024,17,"healthy",0.003,0.824
"technology","ImaginaryMechs",3775,42,"healthy",0.011,0.929
"technology","ImaginaryMusic",628,9,"unhealthy",0.014,1.0
"technology","ImaginaryPolitics",1344,5,"critical",0.004,1.0
"technology","ImaginaryPortals",1270,28,"healthy",0.022,1.0
"technology","ImaginaryPropaganda",1798,4,"critical",0.002,1.0
"technology","ImaginaryRobotics",3329,44,"healthy",0.013,0.909
"technology","ImaginaryScience",3142,17,"healthy",0.005,1.0
"technology","ImaginaryStarships",6948,50,"healthy",0.007,0.86
"technology","ImaginarySteampunk",3124,13,"unhealthy",0.004,1.0
"technology","ImaginaryVehicles",4252,32,"healthy",0.008,0.969
"technology","ImaginaryWarships",3163,13,"unhealthy",0.004,0.769
"technology","ImaginaryWeaponry",4202,16,"healthy",0.004,0.625
"technology","Imaginaryvessels",1003,22,"healthy",0.022,1.0
"technology","imaginarydesigns",739,3,"critical",0.004,1.0
"technology","imaginarymaps",19350,97,"healthy",0.005,0.052
"fandoms","ImaginaryAnime",1217,59,"healthy",0.048,0.915
"fandoms","ImaginaryAperture",472,3,"critical",0.006,1.0
"fandoms","ImaginaryArrakis",1421,10,"unhealthy",0.007,1.0
"fandoms","ImaginaryAzeroth",3141,53,"healthy",0.017,0.792
"fandoms","ImaginaryBakerSt",591,14,"unhealthy",0.024,0.929
"fandoms","ImaginaryCybertron",377,3,"critical",0.008,1.0
"fandoms","ImaginaryDisney",1766,42,"healthy",0.024,0.952
"fandoms","ImaginaryEquestria",989,65,"healthy",0.066,0.815
"fandoms","ImaginaryFallout",7788,76,"healthy",0.01,0.395
"fandoms","ImaginaryFederation",610,15,"unhealthy",0.025,0.667
"fandoms","ImaginaryGallifrey",1727,35,"healthy",0.02,0.857
"fandoms","ImaginaryGaming",1571,45,"healthy",0.029,1.0
"fandoms","ImaginaryGotham",1638,38,"healthy",0.023,0.947
"fandoms","ImaginaryHogwarts",2755,38,"healthy",0.014,0.921
"fandoms","ImaginaryJedi",13928,100,"healthy",0.007,0.55
"fandoms","ImaginaryKanto",2454,35,"healthy",0.014,0.571
"fandoms","ImaginaryMarvel",1331,64,"healthy",0.048,0.938
"fandoms","ImaginaryMiddleEarth",4497,34,"healthy",0.008,0.941
"fandoms","ImaginaryMutants",1180,28,"healthy",0.024,0.964
"fandoms","ImaginaryNarnia",373,4,"critical",0.011,1.0
"fandoms","ImaginaryNewEden",156,0,"critical",0.0,0
"fandoms","ImaginaryNewNewYork",1568,18,"healthy",0.011,1.0
"fandoms","ImaginaryOldKingdom",265,2,"critical",0.008,1.0
"fandoms","ImaginaryOoo",2353,39,"healthy",0.017,0.872
"fandoms","ImaginaryRuneterra",398,5,"critical",0.013,0.2
"fandoms","ImaginarySanctuary",446,9,"unhealthy",0.02,1.0
"fandoms","ImaginarySpidey",325,35,"healthy",0.108,0.971
"fandoms","ImaginaryStarcraft",609,15,"unhealthy",0.025,1.0
"fandoms","ImaginarySunnydale",561,7,"unhealthy",0.012,1.0
"fandoms","ImaginaryTamriel",3916,16,"healthy",0.004,0.938
"fandoms","ImaginaryVerse",649,8,"unhealthy",0.012,1.0
"fandoms","ImaginaryWarhammer",5376,100,"healthy",0.019,0.88
"fandoms","ImaginaryWesteros",27122,73,"healthy",0.003,0.712
"fandoms","ImaginaryWitcher",2655,45,"healthy",0.017,0.844
"fandoms","imaginarycosmere",772,5,"critical",0.006,0.8
"nsfw","ImaginaryBoners",10408,53,"healthy",0.005,0.585
"nsfw","ImaginaryCarnage",2643,20,"healthy",0.008,0.85
"nsfw","ImaginaryLadyBoners",890,42,"healthy",0.047,0.881
"nsfw","ImaginaryWTF",2715,20,"healthy",0.007,0.95
"meta","ArtistOfTheDay","FORBIDDEN","FORBIDDEN","FORBIDDEN","FORBIDDEN","FORBIDDEN"
"meta","ICanDrawThat",31551,100,"healthy",0.003,0.02
"meta","ImaginaryAww",7702,83,"healthy",0.011,0.627
"meta","ImaginaryBestOf",1549,30,"healthy",0.019,1.0
"meta","ImaginaryFeels",3297,29,"healthy",0.009,0.897
"meta","ImaginaryJerk",187,6,"unhealthy",0.032,1.0
"meta","ImaginaryNetwork",2573,28,"healthy",0.011,0.964
"meta","ImaginaryTurtleWorlds",9045,25,"healthy",0.003,0.84
