2016-02-01,,,,,,,
Tab,Subreddit,Rank,Subscribers,Submissions,Health,Posts/Subs,% Mod
characters,ImaginaryArchers,74,2207,21,healthy,0.01,0.762
characters,ImaginaryAssassins,66,2564,14,unhealthy,0.005,0.643
characters,ImaginaryAstronauts,31,4879,47,healthy,0.01,0.489
characters,ImaginaryClerics,90,1760,11,unhealthy,0.006,0.818
characters,ImaginaryCowboys,120,1208,30,healthy,0.025,0.867
characters,ImaginaryFashion,150,581,34,healthy,0.059,1.0
characters,ImaginaryKnights,53,3067,26,healthy,0.008,0.654
characters,ImaginaryLovers,123,1185,35,healthy,0.03,0.914
characters,ImaginaryMythology,153,532,32,healthy,0.06,0.75
characters,ImaginaryNatives,121,1206,20,healthy,0.017,0.55
characters,ImaginaryNinjas,105,1514,7,unhealthy,0.005,0.571
characters,ImaginaryNobles,92,1724,29,healthy,0.017,0.793
characters,ImaginaryPirates,88,1860,19,healthy,0.01,0.579
characters,ImaginarySoldiers,49,3243,22,healthy,0.007,0.636
characters,ImaginaryVikings,77,2127,9,unhealthy,0.004,0.667
characters,ImaginaryWarriors,41,3760,68,healthy,0.018,0.471
characters,ImaginaryWitches,21,7807,55,healthy,0.007,0.545
characters,ImaginaryWizards,57,2900,21,healthy,0.007,0.571
races,ImaginaryAliens,71,2285,22,healthy,0.01,0.455
races,ImaginaryAngels,60,2828,37,healthy,0.013,0.676
races,ImaginaryCentaurs,130,1022,13,unhealthy,0.013,0.846
races,ImaginaryDwarves,81,2084,16,healthy,0.008,0.625
races,ImaginaryElves,73,2225,42,healthy,0.019,0.476
races,ImaginaryFaeries,95,1693,38,healthy,0.022,0.895
races,ImaginaryGiants,59,2836,29,healthy,0.01,0.793
races,ImaginaryGnomes,152,563,8,unhealthy,0.014,1.0
races,ImaginaryGoblins,133,993,8,unhealthy,0.008,0.875
races,ImaginaryHumans,106,1514,40,healthy,0.026,0.6
races,ImaginaryImmortals,61,2730,22,healthy,0.008,0.818
races,ImaginaryMerfolk,102,1576,30,healthy,0.019,0.8
races,ImaginaryOrcs,119,1225,30,healthy,0.024,0.533
races,ImaginaryTrolls,132,1011,13,unhealthy,0.013,0.692
landscapes,ImaginaryAutumnscapes,109,1467,9,unhealthy,0.006,0.889
landscapes,ImaginaryBattlefields,8,16911,34,healthy,0.002,0.588
landscapes,ImaginaryCityscapes,3,28705,73,healthy,0.003,0.466
landscapes,ImaginaryHellscapes,64,2677,28,healthy,0.01,0.893
landscapes,ImaginaryMindscapes,1,36669,140,healthy,0.004,0.464
landscapes,ImaginaryPathways,143,699,37,healthy,0.053,0.838
landscapes,ImaginarySeascapes,44,3557,19,healthy,0.005,0.737
landscapes,ImaginarySkyscapes,62,2690,18,healthy,0.007,1.0
landscapes,ImaginaryStarscapes,7,17029,39,healthy,0.002,0.795
landscapes,ImaginaryVillages,46,3424,27,healthy,0.008,0.778
landscapes,ImaginaryWastelands,9,15162,17,healthy,0.001,0.647
landscapes,ImaginaryWildlands,13,12803,32,healthy,0.002,0.812
landscapes,ImaginaryWinterscapes,43,3679,26,healthy,0.007,0.731
landscapes,ImaginaryWorlds,38,4081,27,healthy,0.007,0.852
nature,ImaginaryAnimals,149,610,46,healthy,0.075,0.717
nature,ImaginaryCanyons,135,933,10,unhealthy,0.011,0.9
nature,ImaginaryCaves,118,1229,17,healthy,0.014,0.824
nature,ImaginaryDeserts,124,1137,25,healthy,0.022,0.64
nature,ImaginaryForests,84,1954,35,healthy,0.018,0.857
nature,ImaginaryGlaciers,128,1042,3,critical,0.003,1.0
nature,ImaginaryIslands,99,1617,12,unhealthy,0.007,0.917
nature,ImaginaryLakes,138,901,11,unhealthy,0.012,0.818
nature,ImaginaryMountains,110,1447,26,healthy,0.018,0.731
nature,ImaginaryRivers,129,1029,17,healthy,0.017,0.882
nature,ImaginaryTrees,93,1710,28,healthy,0.016,0.929
nature,ImaginaryVolcanoes,139,880,14,unhealthy,0.016,1.0
nature,ImaginaryWaterfalls,116,1299,15,unhealthy,0.012,1.0
nature,ImaginaryWeather,104,1526,20,healthy,0.013,0.9
architecture,ImaginaryArchitecture,29,5692,26,healthy,0.005,0.692
architecture,ImaginaryAsylums,122,1197,4,critical,0.003,1.0
architecture,ImaginaryCastles,22,7745,49,healthy,0.006,0.51
architecture,ImaginaryFactories,114,1328,7,unhealthy,0.005,1.0
architecture,ImaginaryInteriors,19,8752,35,healthy,0.004,0.743
architecture,ImaginaryMonuments,69,2400,14,unhealthy,0.006,1.0
architecture,ImaginaryPrisons,136,925,5,critical,0.005,1.0
architecture,ImaginaryRuins,51,3202,34,healthy,0.011,0.559
architecture,ImaginaryTaverns,70,2323,26,healthy,0.011,0.846
architecture,ImaginaryTemples,78,2100,24,healthy,0.011,0.75
architecture,ImaginaryTowers,100,1613,12,unhealthy,0.007,1.0
architecture,ImaginaryWalls,126,1097,7,unhealthy,0.006,0.857
monsters,ImaginaryBeasts,39,4033,45,healthy,0.011,0.489
monsters,ImaginaryBehemoths,16,9907,27,healthy,0.003,0.741
monsters,ImaginaryDemons,33,4436,27,healthy,0.006,0.556
monsters,ImaginaryDinosaurs,65,2583,26,healthy,0.01,0.423
monsters,ImaginaryDragons,25,6955,98,healthy,0.014,0.551
monsters,ImaginaryElementals,76,2157,28,healthy,0.013,0.821
monsters,ImaginaryHorrors,10,14936,56,healthy,0.004,0.589
monsters,ImaginaryLeviathans,5,24869,48,healthy,0.002,0.479
monsters,ImaginaryMonsterGirls,137,904,37,healthy,0.041,0.676
monsters,ImaginarySpirits,97,1679,17,healthy,0.01,0.824
monsters,ImaginaryUndead,83,1972,32,healthy,0.016,0.5
monsters,ImaginaryVampires,101,1591,16,healthy,0.01,0.875
monsters,ImaginaryWerewolves,112,1338,11,unhealthy,0.008,0.818
monsters,ImaginaryWorldEaters,56,2948,6,unhealthy,0.002,1.0
technology,ImaginaryAdrenaline,127,1061,6,unhealthy,0.006,1.0
technology,ImaginaryAetherpunk,72,2247,5,critical,0.002,1.0
technology,ImaginaryAirships,82,2022,13,unhealthy,0.006,0.769
technology,ImaginaryArmor,30,5167,17,healthy,0.003,0.941
technology,ImaginaryArtifacts,86,1901,8,unhealthy,0.004,0.75
technology,ImaginaryBlueprints,98,1628,1,critical,0.001,1.0
technology,ImaginaryBooks,115,1326,9,unhealthy,0.007,0.667
technology,ImaginaryCybernetics,80,2085,20,healthy,0.01,0.7
technology,ImaginaryCyberpunk,26,6626,18,healthy,0.003,0.889
technology,ImaginaryDerelicts,79,2090,21,healthy,0.01,0.667
technology,ImaginaryDieselpunk,75,2203,14,unhealthy,0.006,0.857
technology,ImaginaryFood,141,807,24,healthy,0.03,0.5
technology,ImaginaryFutureWar,27,6494,14,unhealthy,0.002,0.571
technology,ImaginaryHistory,28,6087,13,unhealthy,0.002,1.0
technology,ImaginaryMechs,40,4003,34,healthy,0.008,0.647
technology,ImaginaryMusic,146,670,17,healthy,0.025,1.0
technology,ImaginaryPolitics,111,1364,8,unhealthy,0.006,0.625
technology,ImaginaryPortals,108,1469,24,healthy,0.016,0.958
technology,ImaginaryPropaganda,85,1946,4,critical,0.002,0.75
technology,ImaginaryRobotics,45,3489,41,healthy,0.012,0.488
technology,ImaginaryScience,50,3221,16,healthy,0.005,0.938
technology,ImaginaryStarships,24,7426,39,healthy,0.005,0.538
technology,ImaginarySteampunk,47,3345,12,unhealthy,0.004,0.833
technology,ImaginaryVehicles,35,4319,24,healthy,0.006,0.875
technology,ImaginaryWarships,48,3270,13,unhealthy,0.004,0.615
technology,ImaginaryWeaponry,36,4279,25,healthy,0.006,0.92
technology,Imaginaryvessels,125,1128,19,healthy,0.017,0.947
technology,imaginarydesigns,142,769,0,critical,0.0,0
technology,imaginarymaps,6,19918,114,healthy,0.006,0.044
fandoms,ImaginaryAnime,113,1335,42,healthy,0.031,0.405
fandoms,ImaginaryAperture,154,501,1,critical,0.002,1.0
fandoms,ImaginaryArrakis,107,1497,7,unhealthy,0.005,0.714
fandoms,ImaginaryAzeroth,37,4086,45,healthy,0.011,0.844
fandoms,ImaginaryBakerSt,148,614,5,critical,0.008,1.0
fandoms,ImaginaryCybertron,157,405,0,critical,0.0,0
fandoms,ImaginaryDC,160,379,21,healthy,0.055,0.619
fandoms,ImaginaryDisney,87,1867,25,healthy,0.013,0.8
fandoms,ImaginaryEquestria,131,1015,64,healthy,0.063,0.531
fandoms,ImaginaryFallout,12,13584,64,healthy,0.005,0.375
fandoms,ImaginaryFederation,147,636,6,unhealthy,0.009,0.667
fandoms,ImaginaryGallifrey,89,1771,13,unhealthy,0.007,1.0
fandoms,ImaginaryGaming,94,1706,30,healthy,0.018,0.8
fandoms,ImaginaryGotham,91,1752,22,healthy,0.013,0.773
fandoms,ImaginaryHogwarts,52,3126,29,healthy,0.009,0.69
fandoms,ImaginaryJedi,11,14862,278,healthy,0.019,0.209
fandoms,ImaginaryKanto,67,2561,22,healthy,0.009,0.455
fandoms,ImaginaryMarvel,103,1553,41,healthy,0.026,0.707
fandoms,ImaginaryMiddleEarth,32,4741,25,healthy,0.005,0.72
fandoms,ImaginaryMutants,117,1243,21,healthy,0.017,0.762
fandoms,ImaginaryNarnia,158,395,0,critical,0.0,0
fandoms,ImaginaryNewEden,163,154,0,critical,0.0,0
fandoms,ImaginaryNewNewYork,96,1688,20,healthy,0.012,0.9
fandoms,ImaginaryOldKingdom,161,276,1,critical,0.004,1.0
fandoms,ImaginaryOoo,68,2470,21,healthy,0.009,0.905
fandoms,ImaginaryRuneterra,156,454,6,unhealthy,0.013,1.0
fandoms,ImaginarySanctuary,155,485,4,critical,0.008,1.0
fandoms,ImaginarySpidey,159,387,20,healthy,0.052,0.9
fandoms,ImaginaryStarcraft,144,694,6,unhealthy,0.009,0.667
fandoms,ImaginarySunnydale,151,575,1,critical,0.002,1.0
fandoms,ImaginaryTamriel,34,4415,20,healthy,0.005,0.7
fandoms,ImaginaryVerse,145,680,2,critical,0.003,1.0
fandoms,ImaginaryWarhammer,17,9057,145,healthy,0.016,0.641
fandoms,ImaginaryWesteros,4,26778,88,healthy,0.003,0.42
fandoms,ImaginaryWitcher,54,3046,31,healthy,0.01,0.806
fandoms,imaginarycosmere,140,850,1,critical,0.001,0.0
nsfw,ImaginaryBoners,15,11030,45,healthy,0.004,0.467
nsfw,ImaginaryCarnage,58,2866,15,unhealthy,0.005,0.667
nsfw,ImaginaryLadyBoners,134,992,24,healthy,0.024,0.708
nsfw,ImaginaryWTF,55,3026,22,healthy,0.007,0.864
meta,ArtistOfTheDay,14,12717,0,critical,0.0,0
meta,ICanDrawThat,2,30667,360,healthy,0.012,0.008
meta,ImaginaryAww,23,7732,75,healthy,0.01,0.467
meta,ImaginaryBestOf,20,8628,33,healthy,0.004,1.0
meta,ImaginaryFeels,42,3683,43,healthy,0.012,0.884
meta,ImaginaryJerk,162,202,6,unhealthy,0.03,1.0
meta,ImaginaryNetwork,63,2678,28,healthy,0.01,1.0
meta,ImaginaryTurtleWorlds,18,9015,21,healthy,0.002,0.714
